9cac567cfc7074eaf2290c818a0c8c08812d89b4	source/Automation/_Common/SubVIs/Digital Ramp Pattern Generator.vi
e8e864da6f2f63ded4ec6c2bd1f365261484e203	source/Library/Common/Calculate Acquisition Time.vi
5362af37cb3b77515587d754c9a0f93d5665eb1e	source/Library/Common/Error Builder.vi
6ba21ad67687ae06131ae6dcd0edc59436f644c2	source/Library/Common/Import Hardware Config.vi
1f16bb54067068317eb7389fbc371071809bf0af	source/Library/Common/Verify if the Global Ch Exist.vi
a9ad817105db5bd42834dd7e9471df63793b2acf	source/Library/Communication/845x/845x_I2C Read.vi
f79035b8ce261e1d1b23aaf2148be5e11d0f3ccf	source/Library/Communication/845x/845x_I2C Write.vi
33f19c14de9bcc573502f3cd3995bbe02455f372	source/Library/Communication/845x/845x_SPI Read.vi
76703f50020b59ac7cc9c5ef680f5d2190155eb8	source/Library/Communication/845x/845x_SPI Write.vi
daaa1d96fffdb17f2b2ebdc0561a1bbebb531254	source/Library/Communication/845x/SubVIs/CreateWriteCluster.vi
cb179137d59ba0639f37fcc56ce3232e84f15ce2	source/Library/Communication/Serial/VISA_Simple Serial.vi
3cfa48f93f42aeb0a70aecf536ac1ea77713ab21	source/Library/DC Voltage Generation/DAQ_DC Voltage Gen Close.vi
193872d773e01334fbca9674ecfb440bda1540b4	source/Library/DC Voltage Generation/DAQ_DC Voltage Gen Configure and Generate.vi
fc9e2ffefc6f0f01b3de4d0539e4eb05d3f80c15	source/Library/DC Voltage Generation/DAQ_DC Voltage Gen Initialize.vi
e5e2fe5613192232db08ff6c5ce96b70ee307924	source/Library/DC-RMS Current Measurement/DAQ_DC-RMS Current Meas Close.vi
ad26426b4a35eb9373233d3ec90617d14caa587d	source/Library/DC-RMS Current Measurement/DAQ_DC-RMS Current Meas Configure and Measure.vi
98514de88f04d957809b482f960492a158255f76	source/Library/DC-RMS Current Measurement/DAQ_DC-RMS Current Meas Initialize.vi
99e04d9cf90a5fd39d35283b02f1b7319c55599e	source/Library/DC-RMS Current Measurement/SubVIs/DCCM Analyze DC Current Measurements.vi
d165664bf8f95d8bf26d37b1fbae2ea7c01cb26c	source/Library/DC-RMS Current Measurement/SubVIs/DCCM Configure Range and Terminal Settings.vi
e760358c4d9393cc0e6230f858d71046a1278b44	source/Library/DC-RMS Voltage Measurement/DAQ_DC-RMS Voltage Meas Close.vi
5407a76316286913981e1206e41fb665fa3ec57d	source/Library/DC-RMS Voltage Measurement/DAQ_DC-RMS Voltage Meas Configure and Measure.vi
9b1b8c135ef6862201ad6b04ff94d7b5980dc504	source/Library/DC-RMS Voltage Measurement/DAQ_DC-RMS Voltage Meas Initialize.vi
f83139b1ce09978f252aa4819d45283f2465fa69	source/Library/DC-RMS Voltage Measurement/SubVIs/DCVM Analyze DC Voltage Measurements.vi
efdf72e8dcf768e06df6e8542ab16b81bb618ce7	source/Library/DC-RMS Voltage Measurement/SubVIs/DCVM Configure Range and Terminal Settings.vi
a944b9b956dda22fa859387ce3e51863cf13ac61	source/Library/DMM Examples/Channel Topology Mapping Tester Tool.vi
2db60540937d3a547f33705afd566fc02ebeaa92	source/Library/DMM Examples/DMM DCCM Configure and Measure Only in a Loop.vi
53ccbba6bcbd682d33557eb3f55e83d9d573e8cc	source/Library/DMM Examples/DMM DCVM Configure and Measure Only in a Loop.vi
7cdf0e2e123b60ace397c6d930ae5f4be4fea437	source/Library/DMM Examples/DMM DCVM Immediate Trigger Delay.vi
1266c225b59eac9a451d5f7db90db17db2acefeb	source/Library/DMM Examples/DMM DCVM TTL0 PXI HW Trigger Delay.vi
8dc6ec2928adf37c198e9f557921d406483fe65b	source/Library/DMM Examples/DMM FDVM Frequency_Period Individual.vi
d6a74e2ac98de58fe43f2e8de43dc4588e2de33e	source/Library/DMM Examples/DMM RM Resistance 2W_4W Individual.vi
c02c542259fb031e7e6040b3c6797e49d43f4e82	source/Library/DMM Examples/DMM Simple Mixed Measurement.vi
1977f23bc5bbc13942042672285e5b4b1cbb835e	source/Library/DMM Examples/Full DMM SCAN PMPS 16V-15C - 2 SCANs.vi
315de796037b0548e7800de40f35ab429cd47ff2	source/Library/DMM Examples/Full DMM Scan DER - 2 SCANs.vi
636615eef364d1d12e2a990143e4c9cc4b5ed9cc	source/Library/DMM Examples/Full DMM Scan PRD 32 - 2 SCANs.vi
d68663c1eb84bfff22758ec55bec6f09fe72d9cc	source/Library/DMM Examples/SWITCH Digital Path Generation Cases Individual.vi
ed98d4005e2d4209a486a1fd8cf6b4ebe66977a4	source/Library/DMM Examples/Simple DMM SCAN DER - Loop.vi
b59da2b05c8b0c26c976f8670005b170d4b0cd06	source/Library/DMM Examples/Simple DMM SCAN PMPS 16V-15C - Loop.vi
14254e333599d3612d61e2161f2e92850bcaba35	source/Library/DMM Examples/Simple DMM Scan PRD 32 - Loop.vi
c112356a117354a896537bf677b2858ccef12648	source/Library/DMM Mixed Measurements/DMM Mixed Meas SubVIs/DMM Mixed Meas Format Function Range.vi
e410ba5be11ee4f72af450a8db622c1a5d27abd8	source/Library/DMM Mixed Measurements/DMM Mixed Meas SubVIs/DMM Mixed Meas Format Measurement.vi
64f889a8bebfd2891336a5cd32bfdb66f22e5ddc	source/Library/DMM Mixed Measurements/DMM_Mixed Meas Close.vi
0d7d642123cc5e37eeda3f60cf0b7a0a796658e4	source/Library/DMM Mixed Measurements/DMM_Mixed Meas Configure and Measure.vi
b2266a9c783de126bef3f9f0186a91579f3cd02b	source/Library/DMM Mixed Measurements/DMM_Mixed Meas Initialize.vi
948f325804ff3afb821e8d1b0ecdaab23ee84faa	source/Library/DMM SCAN DER/DMM_Scan DER Close.vi
14d5cc8445ef36394fcf7d2b3cb9f3655a867e69	source/Library/DMM SCAN DER/DMM_Scan DER Configure and Measure.vi
b32d843fdf081a90203049816a46d3b8108856fb	source/Library/DMM SCAN DER/DMM_Scan DER Initialize.vi
fb08217d4c64abd2a238061ac554eb9579e56bc6	source/Library/DMM SCAN DER/SubVIs/Current Channels Array.vi
a3890ee38b97e40c2bb24d20fad958f233f21964	source/Library/DMM SCAN DER/SubVIs/Voltage Channels Array.vi
8496c89226b1ea05881f8827a2a22a93209871ce	source/Library/DMM SCAN DER/SubVIs/Wait For Debounce External Relays.vi
c45573e4bd7cdf3b4df25b5bc05dfc6b944da082	source/Library/DMM SCAN PMPS 16V-15C/DMM_Scan PMPS 16V-15C Close.vi
12e1917a084e5d22828ffde23ac2b2c858f884b3	source/Library/DMM SCAN PMPS 16V-15C/DMM_Scan PMPS 16V-15C Configure and Measure.vi
b32a3994a57431c207a2395df6dea26f90db276a	source/Library/DMM SCAN PMPS 16V-15C/DMM_Scan PMPS 16V-15C Initialize.vi
91ca3d6e67ac3c943728825170a7b183346ff000	source/Library/DMM SCAN PMPS 16V-15C/SubVIs/Close All Current Shunts.vi
5a652eafbf6d946301d3d6266dbba5c95926fe17	source/Library/DMM SCAN PMPS 16V-15C/SubVIs/Current Channels Array.vi
864f7adbaedc9fc8784baa94a55ed5ae0be0ddf9	source/Library/DMM SCAN PRD 32V-16C/DMM_Scan PRD 32V-16C Close.vi
0ac0af2b12fc72f1f4ad83ca78e851a29df72df9	source/Library/DMM SCAN PRD 32V-16C/DMM_Scan PRD 32V-16C Configure and Measure.vi
164a8fb5da6961eb1abe251898b750c02cb034b6	source/Library/DMM SCAN PRD 32V-16C/DMM_Scan PRD 32V-16C Initialize.vi
3a926c8f70b90cae17e98247bd59de4284cb3978	source/Library/DMM SCAN PRD 32V-16C/SubVIs/Close All Current Shunts.vi
10be7d625a8edef496986e99003e0700b91fdb0f	source/Library/DMM SCAN PRD 32V-16C/SubVIs/Current Channels Array.vi
a289ff36a4cd29193358cb881cbe02a997e65697	source/Library/DMM SCAN PRD 32V-16C/SubVIs/Wait For Debounce External Relays.vi
c5f301ba332c137b4a4c3678ff65eee61abf9bfd	source/Library/DMM_DC-RMS Current Measurement/DMM_DC-RMS Current Meas Close.vi
f4ba2432f4bd5941ac6ca2d95af77c57a01a89c2	source/Library/DMM_DC-RMS Current Measurement/DMM_DC-RMS Current Meas Configure and Measure.vi
3ad6f75fe597045ba555c63a31f75a99500e4df7	source/Library/DMM_DC-RMS Current Measurement/DMM_DC-RMS Current Meas Initialize.vi
1faa7780eb8d120821ea93ea4eccc5445a1f3b36	source/Library/DMM_DC-RMS Current Measurement/SubVIs/DMM_DC-RMS Current Meas Format Function Range.vi
3a6496b96a0c30beef300556a9e53b43d6fdfa10	source/Library/DMM_DC-RMS Current Measurement/SubVIs/DMM_DC-RMS Current Meas Format Measurement.vi
0027af91f8ec98e9863a73f2cb77aba948e9cf5f	source/Library/DMM_DC-RMS Voltage Measurement/DMM_DC-RMS Voltage Meas Close.vi
7e98a89523bf974dae61141c0723da1e5aede907	source/Library/DMM_DC-RMS Voltage Measurement/DMM_DC-RMS Voltage Meas Configure and Measure.vi
d1fcb287ee6f32df0ade98e9611e85913c71ee17	source/Library/DMM_DC-RMS Voltage Measurement/DMM_DC-RMS Voltage Meas Initialize.vi
471921e0ef81bd60574b1c2d48812f254791b95b	source/Library/DMM_DC-RMS Voltage Measurement/SubVIs/DMM_DC-RMS Meas Format Measurement.vi
c3dfb2d6c0f20045d105c80b71c407f8a08206c1	source/Library/DMM_DC-RMS Voltage Measurement/SubVIs/DMM_DC-RMS Voltage Meas Format Function Range.vi
86670ef8a498f722c207897387e8cc745ae35d59	source/Library/DMM_Frequency Domain Measurement/DMM_Frequency Domain Meas Close.vi
a976115917b2f42d6553dda491896f5b41f9ecc1	source/Library/DMM_Frequency Domain Measurement/DMM_Frequency Domain Meas Configure and Measure.vi
97dd5928db8cebf79b158067a40fc5f381e95a22	source/Library/DMM_Frequency Domain Measurement/DMM_Frequency Domain Meas Initialize.vi
ccf436f07095e2758cd4d2a97a4fa0ddbcd5af9b	source/Library/DMM_Frequency Domain Measurement/SubVIs/DMM_Frequency Domain Meas Format Function Range.vi
a708a8d58aa965e97df25756ecab784d624e7ddf	source/Library/DMM_Frequency Domain Measurement/SubVIs/DMM_Frequency Domain Meas Format Measurement.vi
efc0d871e9a00f5b76c731f9f0f61da9045bc7cf	source/Library/DMM_Resistance Measurement/DMM Resistance SubVIs/DMM Resistance Meas Format Function Range.vi
a24fef38d3e1ae0b816469082226a913bd7d9f78	source/Library/DMM_Resistance Measurement/DMM Resistance SubVIs/DMM Resistance Meas Format Measurement.vi
1f57c1d57b5032a7412bbb9091cd7de21d58cb99	source/Library/DMM_Resistance Measurement/DMM_Resistance Meas Close.vi
9f8cf6064bea68ed7d38731915f485ee5ac10210	source/Library/DMM_Resistance Measurement/DMM_Resistance Meas Configure and Measure.vi
a3e50f116423400e0f373ed7c3be7d96a056c55e	source/Library/DMM_Resistance Measurement/DMM_Resistance Meas Initialize.vi
f651567265505b966ff560781b1f58ede1fc95ae	source/Library/Digital Clock Generation/DAQ_Digital Clk Gen Close.vi
e77bc0c3969b44e35d0efb87a14e9e4821e803dc	source/Library/Digital Clock Generation/DAQ_Digital Clk Gen Configure and Generate.vi
f05cad170e8d80591ec5528f04ca9599cf0d216e	source/Library/Digital Clock Generation/DAQ_Digital Clk Gen Initialize.vi
9662fc95327cbdc2cb5d756287862032fa0ba8ab	source/Library/Digital Edge Count Measurement/DAQ_DECM Close.vi
60316f5e2f46c05f1753923807941bf7566aa398	source/Library/Digital Edge Count Measurement/DAQ_DECM Configure and Measure.vi
6572dfa299cacef170298c658e6af99e4eab6fd5	source/Library/Digital Edge Count Measurement/DAQ_DECM Initialize.vi
50abe9dd821a9b09bbd4a81142124a61beca21de	source/Library/Digital Edge Count Measurement/SubVI/DECM Get Counter Internal Output.vi
95614e5ed4c5dc4ba17600ffeb01ed97cd827811	source/Library/Digital Frequency Measurement/DAQ_Dig Freq Meas Close.vi
aee40fa381cf1f27487768f2f5f2aa66957390c9	source/Library/Digital Frequency Measurement/DAQ_Dig Freq Meas Configure and Measure.vi
e3c038c363831507a3ef9035f44f11c06b71747b	source/Library/Digital Frequency Measurement/DAQ_Dig Freq Meas Initialize.vi
da4d77dd3e86063ea381def3f7ecfde8d3023d02	source/Library/Digital Frequency Measurement/SubVI/Dig Freq Meas Check for Multiple Global Channels.vi
fe8965327790920fe25bfb79719e08305e4ba9f0	source/Library/Digital PWM Measurement/DAQ_Dig PWM Meas Close.vi
1db2579805902383fb317dd9c44299302802509e	source/Library/Digital PWM Measurement/DAQ_Dig PWM Meas Configure and Measure.vi
d944287dc0b1eb4fc9b57b58d26d30f8d4e3325d	source/Library/Digital PWM Measurement/DAQ_Dig PWM Meas Initialize.vi
9eb4fce5c07ae0f1b13311c38ed04b45a10984d3	source/Library/Digital PWM Measurement/SubVI/Dig PWM Meas Analyze PWM Measurements.vi
3ccb2b53b26e07bccc316f7cab113f3ec45a764a	source/Library/Digital PWM Measurement/SubVI/Dig PWM Meas Check for Multiple Global Channels.vi
c397f3465375dc184040104833f1b3904c26029c	source/Library/Digital Pulse Generation/DAQ_Digital Pulse Gen Close.vi
0997cb912b97b3ea5cc53ac57e0043c3455f01b8	source/Library/Digital Pulse Generation/DAQ_Digital Pulse Gen Configure and Generate.vi
b59fc3914afbbbbf3ebf0a85cd0aced38a816969	source/Library/Digital Pulse Generation/DAQ_Digital Pulse Gen Initialize.vi
c65d2d88fea330bf70e1623b776767ca0e8c6b39	source/Library/Digital Pulse Generation/SubVI/Dig Pulse Gen Check for Multiple Global Channels.vi
ca74a44079a3e43faa462eccd8089c36a7f051ff	source/Library/Dynamic Digital Pattern Generation/DAQ_Dyn Dig Gen Close.vi
f65128cb3f8959f236b10953384aa5b51edea786	source/Library/Dynamic Digital Pattern Generation/DAQ_Dyn Dig Gen Configure and Generate.vi
d03f9299bcc1387e99552dd874e944d3770625a6	source/Library/Dynamic Digital Pattern Generation/DAQ_Dyn Dig Gen Initialize.vi
d1abbca1bae7f86f4d535785edd436ce417db878	source/Library/Dynamic Digital Pattern Generation/SubVI/DDG Check Multi Module Global Channels.vi
09ff3cc149408eb87dc7fd4be19fd055c42ef034	source/Library/Dynamic Digital Pattern Measurement/DAQ_Dyn Dig Meas Close.vi
4cfd4fcd35c0151ec325c89800759819d9c65b9b	source/Library/Dynamic Digital Pattern Measurement/DAQ_Dyn Dig Meas Configure and Measure.vi
8f8f22343a8227790c060bf2699f71ac24c4b104	source/Library/Dynamic Digital Pattern Measurement/DAQ_Dyn Dig Meas Initialize.vi
91df062c0bdeae97925efc420069b68e3a4f843f	source/Library/Dynamic Digital Pattern Measurement/SubVI/DDM Check Multi Module Global Channels.vi
6c84349f0fb0a754a5e062eaa1a591abd7e07765	source/Library/Dynamic Digital Pattern Measurement/SubVI/DDM Process Digital Data.vi
58f63d361b494648c622a05de5ba56cf11964a30	source/Library/Frequency Domain Measurement/DAQ_FDV Meas Close.vi
c16d73632d36cc27fe03306bcef31dee0248ac65	source/Library/Frequency Domain Measurement/DAQ_FDV Meas Configure and Measure.vi
cce8251b40166c41a833c1c1612715c9e6bf3470	source/Library/Frequency Domain Measurement/DAQ_FDV Meas Initialize.vi
2389807b8d703364a4ba277fa3b6c6a44329e44a	source/Library/Frequency Domain Measurement/SubVIs/FDV Meas Analyze FD Measurements.vi
f8977ce44a6943cbad705958a0a0f87fe946ff74	source/Library/Frequency Domain Measurement/SubVIs/FDV Meas Configure Range and Terminal Settings.vi
193e0329ffa61b0023d84555d424c5e3a2f545a8	source/Library/PC Based Examples/PC_AO to DCCM no trigger_Current.vi
dae0d426e5d6786343d77903ac350da0635fbc90	source/Library/PC Based Examples/PC_AO_Thermistor Temperature.vi
ec4b05a1e1d30fac7332f0e47594ee659236ed37	source/Library/PC Based Examples/PC_DCG to DECM HW timed DAQ1 to DAQ2.vi
bc83a170bf2c2f9a3834fab8dbb8e67eeb20fb3e	source/Library/PC Based Examples/PC_DCG to DECM HW timed.vi
88d631df2255c333e0dab342974b06207e1a612d	source/Library/PC Based Examples/PC_DCG to DFM.vi
012a8e56709708a2fce9b38bb9573125b0978fbb	source/Library/PC Based Examples/PC_DCG to DPWMM DAQ1 to DAQ2.vi
99bad6f0c7be2f93306f4cde1095e8e6df01e29a	source/Library/PC Based Examples/PC_DCG to DPWMM.vi
caa3b1898e7323029c19744a89fffb6618a09e24	source/Library/PC Based Examples/PC_DCG_Single.vi
f0e401210a850c777f756b7e688f3b57094f8bee	source/Library/PC Based Examples/PC_DDPG to DDPM DAQ1 to DAQ2.vi
a3c3099b49df7989a5d43fedf6679504de350e2f	source/Library/PC Based Examples/PC_DDPG to DDPM two lines or ports same DAQ.vi
2e1a60d189a0d635c98057dd661e51868c482829	source/Library/PC Based Examples/PC_DFM_Single.vi
a5e5a9b6918ba49f6b05894c6b48f4f058e512e0	source/Library/PC Based Examples/PC_DPG to DECM.vi
5b371edc0f4b438a90339497300416927de95c03	source/Library/PC Based Examples/PC_DPG to DPWMM.vi
289fef81e035fc54e0b00eb9f41e68b538feb254	source/Library/PC Based Examples/PC_DRVG to DRVM multiple channels no trigger.vi
b5c0f79611966c4686728f5dff1af51fcaa4bb17	source/Library/PC Based Examples/PC_SDSG to SDSM.vi
fc27e1638090f30a95eb8aaea6321972f8d31ec2	source/Library/PC Based Examples/PC_SVG DAQ1 to TDVM DAQ2 RSS.vi
e5a280d35e499f83373613c34c9792a588b9231e	source/Library/PC Based Examples/PC_SVG to DC-RMSM no trigger.vi
bbfd29ea9b8746275c06b85dd713aa8350b0d366	source/Library/PC Based Examples/PC_SVG to FDVM with trigger.vi
597f154a5ea0b3a1bd40726df68970bc8a330771	source/Library/PC Based Examples/PC_SVG to TDVM with trigger.vi
50f25a217ef304baaacacf8880bf534652d7d2e7	source/Library/PC Based Examples/PC_SVG_Single.vi
8f4adb869f28c29254a3018823d8b0ecebfaeccd	source/Library/PC Based Examples/PC_TDVM_Single.vi
a418bbe11d2fc6c7dd7127684bed80b9789bc12f	source/Library/Power Supply Source and Measure/DAQ_PS Close.vi
44584bc49684d3bdb8fa4aec989a859316cf77f0	source/Library/Power Supply Source and Measure/DAQ_PS Configure and Measure.vi
cb0e152ddd853f342582c82338310e6aff4d11ff	source/Library/Power Supply Source and Measure/DAQ_PS Initialize.vi
790a19657255c573a9c7a1b06519788463cc7f88	source/Library/Power Supply Source and Measure/SubVIs/PS Analyze Power Measurements.vi
42fa01e6f5b021dd53f84902d6ed1f55e085aa70	source/Library/Power Supply Source and Measure/SubVIs/PS Configure Power Supply Source Settings.vi
88dd9621a674e8f585e8d00879a2a1aa538dfa42	source/Library/Power Supply Source and Measure/SubVIs/PS Replace NaN with Zero.vi
5e4bbbc1bdcd15f2933a15f1d851133d980e4352	source/Library/Signal Voltage Generation/DAQ_SV Gen Close.vi
9c10bcd3108a86590b405af688c3777fa924d4de	source/Library/Signal Voltage Generation/DAQ_SV Gen Configure and Generate.vi
045c0b77f1ce3d6d5fd66afde91e13be173a81e5	source/Library/Signal Voltage Generation/DAQ_SV Gen Initialize.vi
7031973316d44a905df505e81ab853c0267278f0	source/Library/Signal Voltage Generation/SubVIs/SV Gen Configure Range and Terminal Settings.vi
aa5311cf0acfc1a0032e5f7b6f96095ba1f390ce	source/Library/Signal Voltage Generation/SubVIs/SV Gen Generate Signal Voltage Waveform.vi
1379de5b73f4a1b6e1e33ba4621a14c4f3f3404f	source/Library/Static Digital Path Generation/Switch_Static Dig Path Gen Close.vi
e7058676faa29ff4fe192ff0f85a6086dde2dfbf	source/Library/Static Digital Path Generation/Switch_Static Dig Path Gen Configure and Generate.vi
125d7b99c340bc6e7ec2f07f3e5a82957e568362	source/Library/Static Digital Path Generation/Switch_Static Dig Path Gen Initialize.vi
b9ca636922a9c7dfe80046f7c9abebfba62b1936	source/Library/Static Digital State Generation/DAQ_Static Dig Gen Close.vi
ff3abd75bf5c6e55ac2a1cabab643ece83d7984a	source/Library/Static Digital State Generation/DAQ_Static Dig Gen Configure and Generate.vi
5c09f2823d1adbba774f8998dca1dcd195812880	source/Library/Static Digital State Generation/DAQ_Static Dig Gen Initialize.vi
62a0166c879bc6389eb089504689db8b845c4fe4	source/Library/Static Digital State Generation/SubVIs/SDG Check Physical Channel Port.vi
b8d9d209c8613d4c6cace2175f8e956d10ee00b0	source/Library/Static Digital State Generation/SubVIs/SDG Check for Global Channel Ports.vi
37d6462b6c91b49403b19306315481efcf2be48f	source/Library/Static Digital State Measurement/DAQ_Static Dig Meas Close.vi
13a3318ccc678cab2f3f0f8f313c6b8345dfca87	source/Library/Static Digital State Measurement/DAQ_Static Dig Meas Configure and Measure.vi
67e663639ba8574fec957b46d618c82416a82847	source/Library/Static Digital State Measurement/DAQ_Static Dig Meas Initialize.vi
274be0b11022a731bfac7e912e0e09b4dc0d391d	source/Library/Static Digital State Measurement/SubVIs/SDM Check Global Channel Ports.vi
5f6eaad413dd5774f8158958e6f9dc90a4d5de9c	source/Library/Static Digital State Measurement/SubVIs/SDM Check Physical Channel Port.vi
af2a858a809f86ce606a61b7f79665f6765c8d4b	source/Library/Synchronization/DAQ_Route synchronization signals.vi
f070f934c1130d3cce488eba8560e00e0e264755	source/Library/Synchronization/SubVIs/Get Generic Export Signal.vi
d50f328c45d6e49628ff9e0ad77d202abb112520	source/Library/Temperature RTD Measurement/DAQ_TRTD Meas Close.vi
19a565ef5ed5866c2769f7e5c83d8f8fdb2639d2	source/Library/Temperature RTD Measurement/DAQ_TRTD Meas Configure and Measure.vi
29f83fade0498caba6d7e867aeea9af6f02b5577	source/Library/Temperature RTD Measurement/DAQ_TRTD Meas Initialize.vi
9814292cae6c7116c1d69d380a2861f81d3e71c6	source/Library/Temperature RTD Measurement/SubVIs/TRTDM Analyze Temp Measurements.vi
81f1a61aa1469304d170ce8ca3d364caa945eb32	source/Library/Temperature RTD Measurement/SubVIs/TRTDM Configure Range and Terminal Settings.vi
6e6f68ac7ef95f1114c8bba8125581550f851dfd	source/Library/Temperature Thermistor Measurement/DAQ_TTR Meas Close.vi
55e2c76ee23f6b81e5eb206a3b9df58f5d1eca97	source/Library/Temperature Thermistor Measurement/DAQ_TTR Meas Configure and Measure.vi
9a5e7cb5ada95b1b727022470552d1c0c0555ca0	source/Library/Temperature Thermistor Measurement/DAQ_TTR Meas Initialize.vi
a45d27af1326cc77b2a81edb473208b8a4eb299d	source/Library/Temperature Thermistor Measurement/SubVIs/TTRM Analyze Temperature Measurements.vi
d31cb60f0d6e2dfd0611942726bc1f91e48bc48e	source/Library/Temperature Thermistor Measurement/SubVIs/TTRM Analyze Thermistor ABC Parameters.vi
cbb6136e237f30d5f92659a8c048585ce33730e3	source/Library/Temperature Thermistor Measurement/SubVIs/TTRM Configure Thermistor Settings.vi
929a7f5dfa849511a42e9649e916c69530d82c2a	source/Library/Temperature Thermocouple Measurement/DAQ_TTC Meas Close.vi
48daa9a0a59f48aae3527d7b0356f0f58aab7546	source/Library/Temperature Thermocouple Measurement/DAQ_TTC Meas Configure and Measure.vi
19823de0bdf5ac4a0cac780123f287aff909a416	source/Library/Temperature Thermocouple Measurement/DAQ_TTC Meas Initialize.vi
85f535c112060359d176cc1d52876d5fdf1f17e1	source/Library/Temperature Thermocouple Measurement/SubVIs/TTCM Analyze Temp Measurements.vi
76ad1c4ac1e423b09d78f8b9fbfebbd6118322df	source/Library/Temperature Thermocouple Measurement/SubVIs/TTCM Config Range and Terminal Settings.vi
baceb9d5890527490c7dddcdffddcdc9ac92d4d4	source/Library/Time Domain Measurement/DAQ_TDV Meas Close.vi
56032692c832c1153530dd7493109c0b0f043735	source/Library/Time Domain Measurement/DAQ_TDV Meas Configure and Measure.vi
ecc709d86e1ea8448f876279445c0308f15d8e8d	source/Library/Time Domain Measurement/DAQ_TDV Meas Initialize.vi
984569bdf5c65c1bc3494d96838c8fd0ff3c8ef8	source/Library/Time Domain Measurement/SubVIs/TDVM Analyze Time Domain Measurements.vi
9d0a3beefa69b5322666940cb192d2e6c50fc904	source/Library/Time Domain Measurement/SubVIs/TDVM Configure Range and Terminal Settings.vi
